"Keyword","Trends","Impressions"
"最新机场推荐","[28]","28"
"最新机场","[23,53]","76"
"猫梦博客 机场推荐","[20,31,36]","87"
"飞机场节点 推荐","[26,22,42,23]","113"
"机场稳定","[28,20,21,24,25]","118"
"星维机场","[51,67]","118"
"机场 梯子","[20,25,22,22,33]","122"
"梯子测评","[22,20,20,21,28,31]","142"
"靠谱机场","[22,25,23,27,22,21,25,23]","188"
"机场排行榜","[22,29,22,28,27,45,40]","213"
"gaterank","[21,27,26,25,40,33,29,27]","228"
"稳定节点","[27,28,27,28,28,22,23,27,22]","232"
"网络机场","[52,29,28,37,50,37]","233"
"老牌机场推荐","[25,23,27,31,21,24,39,28,28]","246"
"顶级机场vpn","[30,25,24,26,26,30,55,31]","247"
"纯净机场","[23,20,28,27,27,29,20,44,32]","250"
"专线机场推荐","[26,36,28,37,29,32,37,29]","254"
"梯子翻推荐","[38,72,49,56,60]","275"
"机场推荐 流量计费","[29,22,28,27,21,33,26,30,35,27]","278"
"直连机场","[21,36,25,27,27,20,31,26,24,22,21,25]","305"
"廉价机场","[30,32,23,24,26,21,37,30,24,31,29]","307"
"机场推荐github","[29,35,30,20,35,38,52,36,37]","312"
"机场榜","[29,46,33,45,28,26,22,22,29,32,38]","350"
"github 机场推荐","[28,24,28,31,23,34,35,29,50,29,42]","353"
"极简机场","[23,40,44,33,21,35,32,28,30,36,48]","370"
"机场大全","[25,37,23,32,49,45,47,54,63]","375"
"机场排名","[24,32,33,21,24,32,38,37,41,36,58]","376"
"机场vpn推荐","[33,23,27,32,33,30,22,40,36,41,44,32]","393"
"便宜好用的机场","[31,29,30,34,30,38,36,32,34,43,58]","395"
"爱机场","[25,33,26,46,56,29,41,33,50,46,46]","431"
"梯子翻墙","[44,49,42,47,38,39,35,32,35,27,27,27]","442"
"机场网站","[27,24,27,32,20,49,42,47,39,39,66,32]","444"
"翻墙梯子推荐","[33,46,39,48,44,30,26,34,31,25,54,38]","448"
"机场排行","[25,30,30,33,43,57,57,52,35,51,44]","457"
"好用机场","[38,23,27,33,20,27,44,53,49,79,69]","462"
"机场 vpn","[31,27,20,26,26,21,53,56,62,60,67,57]","506"
"推荐机场","[34,23,20,36,33,35,40,61,46,69,79,58]","534"
"好用的机场推荐","[47,36,41,44,39,64,37,33,62,41,77,41]","562"
"github机场推荐","[54,43,71,25,53,24,55,45,46,31,53,85]","585"
"稳定的机场","[52,60,52,47,57,29,51,46,46,37,63,64]","604"
"专线机场","[63,54,49,36,58,45,61,84,48,40,40,40]","618"
"稳定机场推荐","[44,45,39,45,60,47,59,55,52,46,82,92]","666"
"试用机场","[53,59,53,87,39,45,41,47,41,53,97,54]","669"
"性价比机场推荐","[72,65,74,56,55,43,42,52,72,61,57,62]","711"
"clash 机场推荐","[48,47,51,81,47,60,129,58,62,39,40,53]","715"
"小机场","[43,49,48,44,50,69,54,51,51,53,103,101]","716"
"机场推荐便宜","[38,39,39,38,48,40,44,102,95,64,87,90]","724"
"机场推荐 github","[55,40,46,61,37,61,49,82,67,72,94,80]","744"
"vpn 机场","[66,50,63,47,61,57,72,69,79,81,66,72]","783"
"机场购买","[43,44,33,57,57,59,64,67,99,85,84,109]","801"
"机场云","[50,49,49,52,57,53,74,61,71,75,89,129]","809"
"github 机场","[61,64,71,80,76,66,62,58,55,74,66,83]","816"
"家宽机场","[55,56,37,74,78,80,73,69,72,86,64,82]","826"
"github机场","[60,55,57,61,78,50,71,63,85,81,98,115]","874"
"赔钱机场优惠码","[32,71,74,59,85,75,79,78,82,56,94,103]","888"
"vpn机场推荐","[75,92,75,72,72,72,55,72,71,86,61,96]","899"
"机场推荐 clash免费","[41,47,68,62,102,77,74,78,89,78,112,94]","922"
"高速机场","[87,108,60,85,86,65,103,61,51,73,80,97]","956"
"免费试用机场","[113,63,75,63,76,97,61,93,95,66,98,100]","1000"
"公益机场","[97,85,61,84,112,67,75,83,88,103,72,104]","1031"
"机场测速","[90,72,81,77,83,97,89,92,83,95,97,88]","1044"
"jichang","[61,81,84,74,88,80,115,84,120,103,99,114]","1103"
"机场评测","[76,77,105,81,115,97,82,113,96,101,128,142]","1213"
"云机场","[133,109,108,89,102,86,109,105,113,74,114,116]","1258"
"机场节点推荐","[105,90,115,105,108,86,106,92,99,79,149,137]","1271"
"机场 推荐","[133,68,96,71,116,97,101,107,146,123,128,128]","1314"
"飞机场推荐","[108,108,128,105,119,126,119,103,124,133,134,99]","1406"
"机场代理","[77,103,87,123,80,81,133,151,142,155,167,160]","1459"
"性价 比高 机场","[125,123,115,110,143,146,145,118,117,113,131,147]","1533"
"免费机场推荐","[106,119,90,163,129,141,140,124,128,144,121,195]","1600"
"一毛机场","[100,120,103,126,162,105,137,115,133,180,181,199]","1661"
"低价机场","[150,111,131,142,162,127,156,161,180,155,144,125]","1744"
"超实惠机场","[196,218,157,140,163,138,152,115,115,140,119,186]","1839"
"低调机场","[184,186,188,145,155,119,155,113,135,181,204,130]","1895"
"稳定机场","[201,174,161,186,182,166,143,189,209,151,233,230]","2225"
"一份机场","[168,212,202,208,230,242,239,214,263,266,288,277]","2809"
"好用的机场","[273,212,225,220,246,218,197,244,244,209,295,236]","2819"
"翻墙机场","[198,233,187,220,277,313,322,214,266,211,296,255]","2992"
"节点推荐","[350,261,312,327,428,314,305,333,384,337,380,363]","4094"
"机场测评","[309,224,284,317,426,385,346,304,378,317,519,475]","4284"
"翻墙梯子","[382,318,331,411,452,377,377,314,409,382,309,369]","4431"
"性价比飞机场","[374,400,368,379,427,396,362,358,403,418,419,568]","4872"
"vpn梯子","[435,493,429,475,453,438,453,407,474,391,317,373]","5138"
"机场订阅","[465,409,401,391,349,335,436,431,476,547,518,611]","5369"
"vpn机场","[373,327,383,341,351,367,508,499,541,589,636,639]","5554"
"便宜机场","[440,560,648,476,501,392,505,485,501,547,539,582]","6176"
"牛逼机场","[665,531,438,587,538,423,473,475,474,655,670,654]","6583"
"vpn节点","[578,556,581,645,658,508,536,515,544,569,470,556]","6716"
"飞机场","[659,541,651,570,634,552,603,532,657,550,667,624]","7240"
"机场vpn","[390,407,505,352,397,407,680,888,775,838,881,826]","7346"
"顶级机场","[775,682,640,654,703,698,543,606,586,582,1213,762]","8444"
"机场节点","[742,652,792,717,712,661,842,853,863,937,977,879]","9627"
"机场推荐 clash","[1271,1204,1295,1371,1566,1579,515,389,290,206,159,220]","10065"
"梯子推荐","[1145,1108,993,1214,1273,1330,1123,1100,1070,1070,1230,1289]","13945"
"机场梯子","[1585,1419,1459,1669,2220,2022,914,654,554,603,516,514]","14129"
"trojan","[2545,2236,2201,2179,2204,2376,2213,2196,2107,2140,2151,2266]","26814"
"性价比机场","[2168,2298,2270,2355,2450,2457,2078,2095,2503,2364,2542,2680]","28260"
"ssr","[2817,2613,2576,2619,2549,2425,2444,2375,2265,2532,2778,2941]","30934"
"科学上网","[3492,3397,3201,3400,3439,3112,2899,2745,3185,2897,2951,3121]","37839"
"三毛机场","[6415,7197,7116,7175,7572,5814,5858,6553,6929,8741,10931,10733]","91034"
