id,keyword,questionTitle,cluster,searchIntent,primaryKeyword,supportingKeywords,sourceType,impressions,trend,clicks,ctr,ctrStatus,priorityScore,slug,canonicalTarget,answerType,outline,relatedProviders,internalLinks,indexStatus,bodyCharCount,lastChecked
1,新手机场推荐选择指标,新手第一次选机场应该优先考虑哪些指标？,机场推荐、选择方法与适用人群,informational_commercial,新手机场推荐选择指标,性价比 节点稳定性 客户端支持 月付尝试,ai_generated_quota,1000,"[25,28,30]",,,unknown,100,faq-001-新手机场推荐选择指标,https://jichangtuijian.cloud/faq/faq-001-新手机场推荐选择指标/,怎么选,1.直接结论摘要 2.核心原理剖析 3.服务选型建议(全球云/飞猫云/暮光加速/微风网络) 4.三步操作建议 5.合规与风险提示,全球云 (Rank 1) | 飞猫云 (Rank 2) | 暮光加速 (Rank 3) | 微风网络 (Rank 4),/recommendations/ /compare/ /coupons/,index,990,2026-09-23
2,跨境办公机场推荐,日常办公与跨境协作适合选择什么样的机场服务？,机场推荐、选择方法与适用人群,commercial,跨境办公机场推荐,低延迟专线 多地区出口 企业工单 稳定性,ai_generated_quota,992,"[25,28,30]",,,unknown,99,faq-002-跨境办公机场推荐,https://jichangtuijian.cloud/faq/faq-002-跨境办公机场推荐/,办公场景,1.直接结论摘要 2.核心原理剖析 3.服务选型建议(全球云/飞猫云/暮光加速/微风网络) 4.三步操作建议 5.合规与风险提示,全球云 (Rank 1) | 飞猫云 (Rank 2) | 暮光加速 (Rank 3) | 微风网络 (Rank 4),/recommendations/ /compare/ /coupons/,index,999,2026-09-23
3,4K流媒体机场推荐,经常观看 4K 高清流媒体视频该怎么挑选机场？,机场推荐、选择方法与适用人群,commercial,4K流媒体机场推荐,大流量套餐 原生解锁 晚高峰带宽 高吞吐量,ai_generated_quota,984,"[25,28,30]",,,unknown,98,faq-003-4k流媒体机场推荐,https://jichangtuijian.cloud/faq/faq-003-4k流媒体机场推荐/,影音场景,1.直接结论摘要 2.核心原理剖析 3.服务选型建议(全球云/飞猫云/暮光加速/微风网络) 4.三步操作建议 5.合规与风险提示,全球云 (Rank 1) | 飞猫云 (Rank 2) | 暮光加速 (Rank 3) | 微风网络 (Rank 4),/recommendations/ /compare/ /coupons/,index,990,2026-09-23
4,外服游戏机场节点选择,玩外服网游对机场节点和延迟有什么特殊要求？,机场推荐、选择方法与适用人群,informational,外服游戏机场节点选择,低丢包率 游戏加速专线 UDP支持 近程节点,ai_generated_quota,976,"[25,28,30]",,,unknown,97,faq-004-外服游戏机场节点选择,https://jichangtuijian.cloud/faq/faq-004-外服游戏机场节点选择/,游戏场景,1.直接结论摘要 2.核心原理剖析 3.服务选型建议(全球云/飞猫云/暮光加速/微风网络) 4.三步操作建议 5.合规与风险提示,全球云 (Rank 1) | 飞猫云 (Rank 2) | 暮光加速 (Rank 3) | 微风网络 (Rank 4),/recommendations/ /compare/ /coupons/,index,996,2026-09-23
5,开发者代码工具机场推荐,程序员查阅技术文档和代码开发需要怎样的网络服务？,机场推荐、选择方法与适用人群,commercial,开发者代码工具机场推荐,代码托管平台直连 规则分流 长连接稳定 终端配置,ai_generated_quota,968,"[25,28,30]",,,unknown,96,faq-005-开发者代码工具机场推荐,https://jichangtuijian.cloud/faq/faq-005-开发者代码工具机场推荐/,技术场景,1.直接结论摘要 2.核心原理剖析 3.服务选型建议(全球云/飞猫云/暮光加速/微风网络) 4.三步操作建议 5.合规与风险提示,全球云 (Rank 1) | 飞猫云 (Rank 2) | 暮光加速 (Rank 3) | 微风网络 (Rank 4),/recommendations/ /compare/ /coupons/,index,1005,2026-09-23
6,学生党低预算机场推荐,低预算学生党如何挑选性价比高的靠谱机场？,机场推荐、选择方法与适用人群,commercial,学生党低预算机场推荐,百元年付 小流量包 优惠码 无套路计费,ai_generated_quota,960,"[25,28,30]",,,unknown,95,faq-006-学生党低预算机场推荐,https://jichangtuijian.cloud/faq/faq-006-学生党低预算机场推荐/,性价比,1.直接结论摘要 2.核心原理剖析 3.服务选型建议(全球云/飞猫云/暮光加速/微风网络) 4.三步操作建议 5.合规与风险提示,全球云 (Rank 1) | 飞猫云 (Rank 2) | 暮光加速 (Rank 3) | 微风网络 (Rank 4),/recommendations/ /compare/ /coupons/,index,993,2026-09-23
7,劣质跑路机场特征识别,如何识别宣传夸张、存在跑路风险的劣质小机场？,机场推荐、选择方法与适用人群,informational,劣质跑路机场特征识别,超低终身买断 无正规工单 虚假节点 域名频繁变更,ai_generated_quota,952,"[25,28,30]",,,unknown,94,faq-007-劣质跑路机场特征识别,https://jichangtuijian.cloud/faq/faq-007-劣质跑路机场特征识别/,避坑指南,1.直接结论摘要 2.核心原理剖析 3.服务选型建议(全球云/飞猫云/暮光加速/微风网络) 4.三步操作建议 5.合规与风险提示,全球云 (Rank 1) | 飞猫云 (Rank 2) | 暮光加速 (Rank 3) | 微风网络 (Rank 4),/recommendations/ /compare/ /coupons/,index,996,2026-09-23
8,大型机场与小众机场对比,大机场和小众精品机场在体验上有什么核心区别？,机场推荐、选择方法与适用人群,informational,大型机场与小众机场对比,节点冗余度 晚高峰抗压 运维人员响应 抗封锁能力,ai_generated_quota,944,"[25,28,30]",,,unknown,93,faq-008-大型机场与小众机场对比,https://jichangtuijian.cloud/faq/faq-008-大型机场与小众机场对比/,对比分析,1.直接结论摘要 2.核心原理剖析 3.服务选型建议(全球云/飞猫云/暮光加速/微风网络) 4.三步操作建议 5.合规与风险提示,全球云 (Rank 1) | 飞猫云 (Rank 2) | 暮光加速 (Rank 3) | 微风网络 (Rank 4),/recommendations/ /compare/ /coupons/,index,999,2026-09-23
9,备用机场配置必要性,为什么不建议把所有预算都押注在单一机场服务上？,机场推荐、选择方法与适用人群,informational,备用机场配置必要性,多线路容灾 主备结合 小流量年付 网络平滑切换,ai_generated_quota,936,"[25,28,30]",,,unknown,92,faq-009-备用机场配置必要性,https://jichangtuijian.cloud/faq/faq-009-备用机场配置必要性/,选型策略,1.直接结论摘要 2.核心原理剖析 3.服务选型建议(全球云/飞猫云/暮光加速/微风网络) 4.三步操作建议 5.合规与风险提示,全球云 (Rank 1) | 飞猫云 (Rank 2) | 暮光加速 (Rank 3) | 微风网络 (Rank 4),/recommendations/ /compare/ /coupons/,index,1002,2026-09-23
10,专线机场IPLC与IEPL区别,机场服务商宣称的 IEPL 和 IPLC 专线究竟是什么含义？,机场推荐、选择方法与适用人群,informational,专线机场IPLC与IEPL区别,不经公网骨干 物理专线 延迟极低 不过GFW敏感审查,ai_generated_quota,928,"[25,28,30]",,,unknown,91,faq-010-专线机场iplc与iepl区别,https://jichangtuijian.cloud/faq/faq-010-专线机场iplc与iepl区别/,技术原理,1.直接结论摘要 2.核心原理剖析 3.服务选型建议(全球云/飞猫云/暮光加速/微风网络) 4.三步操作建议 5.合规与风险提示,全球云 (Rank 1) | 飞猫云 (Rank 2) | 暮光加速 (Rank 3) | 微风网络 (Rank 4),/recommendations/ /compare/ /coupons/,index,990,2026-09-23
11,机场月流量消耗预估方法,如何根据自己的月度实际消耗量预估所需流量套餐？,机场推荐、选择方法与适用人群,informational,机场月流量消耗预估方法,网页浏览50G 影音大户200G 远程办公100G 倍率扣费影响,ai_generated_quota,920,"[25,28,30]",,,unknown,90,faq-011-机场月流量消耗预估方法,https://jichangtuijian.cloud/faq/faq-011-机场月流量消耗预估方法/,流量规划,1.直接结论摘要 2.核心原理剖析 3.服务选型建议(全球云/飞猫云/暮光加速/微风网络) 4.三步操作建议 5.合规与风险提示,全球云 (Rank 1) | 飞猫云 (Rank 2) | 暮光加速 (Rank 3) | 微风网络 (Rank 4),/recommendations/ /compare/ /coupons/,index,1002,2026-09-23
12,机场月付模式核心优势,按月付费相比一次性买断多年有哪些不可替代的优势？,机场推荐、选择方法与适用人群,informational,机场月付模式核心优势,降低试错成本 规避跑路损失 灵活切换供应商 促使商家保障服务,ai_generated_quota,912,"[25,28,30]",,,unknown,89,faq-012-机场月付模式核心优势,https://jichangtuijian.cloud/faq/faq-012-机场月付模式核心优势/,付费方式,1.直接结论摘要 2.核心原理剖析 3.服务选型建议(全球云/飞猫云/暮光加速/微风网络) 4.三步操作建议 5.合规与风险提示,全球云 (Rank 1) | 飞猫云 (Rank 2) | 暮光加速 (Rank 3) | 微风网络 (Rank 4),/recommendations/ /compare/ /coupons/,index,1005,2026-09-23
13,家庭合租机场注意事项,家庭多人合租一个机场账号需要注意哪些限制？,机场推荐、选择方法与适用人群,informational,家庭合租机场注意事项,设备IP并发限制 总流量平摊 账号安全 合租协议,ai_generated_quota,904,"[25,28,30]",,,unknown,88,faq-013-家庭合租机场注意事项,https://jichangtuijian.cloud/faq/faq-013-家庭合租机场注意事项/,合租规则,1.直接结论摘要 2.核心原理剖析 3.服务选型建议(全球云/飞猫云/暮光加速/微风网络) 4.三步操作建议 5.合规与风险提示,全球云 (Rank 1) | 飞猫云 (Rank 2) | 暮光加速 (Rank 3) | 微风网络 (Rank 4),/recommendations/ /compare/ /coupons/,index,996,2026-09-23
14,非技术新手最简单配置法,老年人或非技术用户使用机场怎样才能最简化操作？,机场推荐、选择方法与适用人群,informational,非技术新手最简单配置法,一键导入订阅 定制客户端 自动开机自启 默认规则分流,ai_generated_quota,896,"[25,28,30]",,,unknown,87,faq-014-非技术新手最简单配置法,https://jichangtuijian.cloud/faq/faq-014-非技术新手最简单配置法/,简易上手,1.直接结论摘要 2.核心原理剖析 3.服务选型建议(全球云/飞猫云/暮光加速/微风网络) 4.三步操作建议 5.合规与风险提示,全球云 (Rank 1) | 飞猫云 (Rank 2) | 暮光加速 (Rank 3) | 微风网络 (Rank 4),/recommendations/ /compare/ /coupons/,index,1002,2026-09-23
15,自建节点与商业机场优劣对比,自建代理与直接购买商业机场服务各有哪些优缺点？,机场推荐、选择方法与适用人群,informational,自建节点与商业机场优劣对比,维护精力成本 IP被封风险 专线成本分摊 开箱即用体验,ai_generated_quota,888,"[25,28,30]",,,unknown,86,faq-015-自建节点与商业机场优劣对比,https://jichangtuijian.cloud/faq/faq-015-自建节点与商业机场优劣对比/,方案对比,1.直接结论摘要 2.核心原理剖析 3.服务选型建议(全球云/飞猫云/暮光加速/微风网络) 4.三步操作建议 5.合规与风险提示,全球云 (Rank 1) | 飞猫云 (Rank 2) | 暮光加速 (Rank 3) | 微风网络 (Rank 4),/recommendations/ /compare/ /coupons/,index,1002,2026-09-23
16,跨境电商店铺运营机场选择,使用机场服务进行跨境电商运营需要注意什么？,机场推荐、选择方法与适用人群,commercial,跨境电商店铺运营机场选择,纯净原生静态IP 防关联防跳IP 多店铺隔离 企业网络合规,ai_generated_quota,880,"[25,28,30]",,,unknown,85,faq-016-跨境电商店铺运营机场选择,https://jichangtuijian.cloud/faq/faq-016-跨境电商店铺运营机场选择/,电商场景,1.直接结论摘要 2.核心原理剖析 3.服务选型建议(全球云/飞猫云/暮光加速/微风网络) 4.三步操作建议 5.合规与风险提示,全球云 (Rank 1) | 飞猫云 (Rank 2) | 暮光加速 (Rank 3) | 微风网络 (Rank 4),/recommendations/ /compare/ /coupons/,index,996,2026-09-23
17,机场晚高峰降速卡顿原因,不同机场服务商在晚高峰时段的表现为什么差距很大？,机场推荐、选择方法与适用人群,informational,机场晚高峰降速卡顿原因,带宽冗余储备 QoS流量整形 入口接入质量 拥塞控制机制,ai_generated_quota,872,"[25,28,30]",,,unknown,84,faq-017-机场晚高峰降速卡顿原因,https://jichangtuijian.cloud/faq/faq-017-机场晚高峰降速卡顿原因/,性能分析,1.直接结论摘要 2.核心原理剖析 3.服务选型建议(全球云/飞猫云/暮光加速/微风网络) 4.三步操作建议 5.合规与风险提示,全球云 (Rank 1) | 飞猫云 (Rank 2) | 暮光加速 (Rank 3) | 微风网络 (Rank 4),/recommendations/ /compare/ /coupons/,index,1005,2026-09-23
18,免费机场真实性与风险分析,市面上有完全免费且长期稳定的商业机场推荐吗？,机场推荐、选择方法与适用人群,informational,免费机场真实性与风险分析,无商业模式难为继 隐私数据转售 广告弹窗泛滥 极易封禁失效,ai_generated_quota,864,"[25,28,30]",,,unknown,83,faq-018-免费机场真实性与风险分析,https://jichangtuijian.cloud/faq/faq-018-免费机场真实性与风险分析/,风险提示,1.直接结论摘要 2.核心原理剖析 3.服务选型建议(全球云/飞猫云/暮光加速/微风网络) 4.三步操作建议 5.合规与风险提示,全球云 (Rank 1) | 飞猫云 (Rank 2) | 暮光加速 (Rank 3) | 微风网络 (Rank 4),/recommendations/ /compare/ /coupons/,index,999,2026-09-23
19,Clash是什么及工作原理,Clash 是什么？它与传统的代理软件有什么核心区别？,Clash 客户端、订阅、兼容与常见问题,informational,Clash是什么及工作原理,规则分流引擎 多协议支持 自动测速优选 跨平台生态,ai_generated_quota,856,"[25,28,30]",,,unknown,82,faq-019-clash是什么及工作原理,https://jichangtuijian.cloud/faq/faq-019-clash是什么及工作原理/,工具概念,1.直接结论摘要 2.核心原理剖析 3.服务选型建议(全球云/飞猫云/暮光加速/微风网络) 4.三步操作建议 5.合规与风险提示,全球云 (Rank 1) | 飞猫云 (Rank 2) | 暮光加速 (Rank 3) | 微风网络 (Rank 4),/devices/ /start-here/ /service/,index,993,2026-09-23
20,Clash导入订阅链接步骤,如何将机场提供的订阅链接正确导入到 Clash 中？,Clash 客户端、订阅、兼容与常见问题,informational,Clash导入订阅链接步骤,复制URL 配置Profiles 一键下载 检查规则列表,ai_generated_quota,848,"[25,28,30]",,,unknown,81,faq-020-clash导入订阅链接步骤,https://jichangtuijian.cloud/faq/faq-020-clash导入订阅链接步骤/,基础操作,1.直接结论摘要 2.核心原理剖析 3.服务选型建议(全球云/飞猫云/暮光加速/微风网络) 4.三步操作建议 5.合规与风险提示,全球云 (Rank 1) | 飞猫云 (Rank 2) | 暮光加速 (Rank 3) | 微风网络 (Rank 4),/devices/ /start-here/ /service/,index,990,2026-09-23
21,Clash配置下载失败排查,Clash 配置文件下载失败或提示 network error 怎么解决？,Clash 客户端、订阅、兼容与常见问题,informational,Clash配置下载失败排查,原链接浏览器验证 更换转换工具 代理模式切换 系统时间同步,ai_generated_quota,840,"[25,28,30]",,,unknown,80,faq-021-clash配置下载失败排查,https://jichangtuijian.cloud/faq/faq-021-clash配置下载失败排查/,故障排查,1.直接结论摘要 2.核心原理剖析 3.服务选型建议(全球云/飞猫云/暮光加速/微风网络) 4.三步操作建议 5.合规与风险提示,全球云 (Rank 1) | 飞猫云 (Rank 2) | 暮光加速 (Rank 3) | 微风网络 (Rank 4),/devices/ /start-here/ /service/,index,981,2026-09-23
22,Clash三种运行模式详解,Clash 中的 Rule（规则）、Global（全局）与 Direct（直连）有何区别？,Clash 客户端、订阅、兼容与常见问题,informational,Clash三种运行模式详解,国内直连节省流量 海外规则分流 全局排查特定需求 规则优先级,ai_generated_quota,832,"[25,28,30]",,,unknown,79,faq-022-clash三种运行模式详解,https://jichangtuijian.cloud/faq/faq-022-clash三种运行模式详解/,模式说明,1.直接结论摘要 2.核心原理剖析 3.服务选型建议(全球云/飞猫云/暮光加速/微风网络) 4.三步操作建议 5.合规与风险提示,全球云 (Rank 1) | 飞猫云 (Rank 2) | 暮光加速 (Rank 3) | 微风网络 (Rank 4),/devices/ /start-here/ /service/,index,975,2026-09-23
23,开启Clash国内网站打不开解决,为什么开启 Clash 后国内网页打不开或微信图片无法加载？,Clash 客户端、订阅、兼容与常见问题,informational,开启Clash国内网站打不开解决,DNS解析污染 TUN模式网卡冲突 绕过局域网规则缺失 系统代理残留,ai_generated_quota,824,"[25,28,30]",,,unknown,78,faq-023-开启clash国内网站打不开解决,https://jichangtuijian.cloud/faq/faq-023-开启clash国内网站打不开解决/,故障排查,1.直接结论摘要 2.核心原理剖析 3.服务选型建议(全球云/飞猫云/暮光加速/微风网络) 4.三步操作建议 5.合规与风险提示,全球云 (Rank 1) | 飞猫云 (Rank 2) | 暮光加速 (Rank 3) | 微风网络 (Rank 4),/devices/ /start-here/ /service/,index,1002,2026-09-23
24,Clash Verge与CFW对比,Clash Verge 与经典 Clash for Windows 相比有哪些新优势？,Clash 客户端、订阅、兼容与常见问题,informational,Clash Verge与CFW对比,开源维护状态 Mihomo内核 界面现代化 系统内存占用,ai_generated_quota,816,"[25,28,30]",,,unknown,77,faq-024-clash-verge与cfw对比,https://jichangtuijian.cloud/faq/faq-024-clash-verge与cfw对比/,客户端推荐,1.直接结论摘要 2.核心原理剖析 3.服务选型建议(全球云/飞猫云/暮光加速/微风网络) 4.三步操作建议 5.合规与风险提示,全球云 (Rank 1) | 飞猫云 (Rank 2) | 暮光加速 (Rank 3) | 微风网络 (Rank 4),/devices/ /start-here/ /service/,index,969,2026-09-23
25,Clash节点测速Timeout原因,Clash 中的节点延迟测速显示 Timeout 是节点挂了吗？,Clash 客户端、订阅、兼容与常见问题,informational,Clash节点测速Timeout原因,握手超时 测试URL不可达 真实TCP连通性 延迟与带宽差异,ai_generated_quota,808,"[25,28,30]",,,unknown,76,faq-025-clash节点测速timeout原因,https://jichangtuijian.cloud/faq/faq-025-clash节点测速timeout原因/,测速说明,1.直接结论摘要 2.核心原理剖析 3.服务选型建议(全球云/飞猫云/暮光加速/微风网络) 4.三步操作建议 5.合规与风险提示,全球云 (Rank 1) | 飞猫云 (Rank 2) | 暮光加速 (Rank 3) | 微风网络 (Rank 4),/devices/ /start-here/ /service/,index,984,2026-09-23
26,Clash自动更新订阅设置,如何在 Clash 中设置定时自动更新机场订阅配置？,Clash 客户端、订阅、兼容与常见问题,informational,Clash自动更新订阅设置,更新周期interval 后台静默拉取 节点列表刷新 失效节点过滤,ai_generated_quota,800,"[25,28,30]",,,unknown,75,faq-026-clash自动更新订阅设置,https://jichangtuijian.cloud/faq/faq-026-clash自动更新订阅设置/,效率配置,1.直接结论摘要 2.核心原理剖析 3.服务选型建议(全球云/飞猫云/暮光加速/微风网络) 4.三步操作建议 5.合规与风险提示,全球云 (Rank 1) | 飞猫云 (Rank 2) | 暮光加速 (Rank 3) | 微风网络 (Rank 4),/devices/ /start-here/ /service/,index,990,2026-09-23
27,Clash端口被占用报错解决,Clash 提示 mixed-port 或 7890 端口被占用该如何处理？,Clash 客户端、订阅、兼容与常见问题,informational,Clash端口被占用报错解决,修改监听端口 杀掉冲突进程 网关冲突检测 重启代理内核,ai_generated_quota,792,"[25,28,30]",,,unknown,74,faq-027-clash端口被占用报错解决,https://jichangtuijian.cloud/faq/faq-027-clash端口被占用报错解决/,报错修复,1.直接结论摘要 2.核心原理剖析 3.服务选型建议(全球云/飞猫云/暮光加速/微风网络) 4.三步操作建议 5.合规与风险提示,全球云 (Rank 1) | 飞猫云 (Rank 2) | 暮光加速 (Rank 3) | 微风网络 (Rank 4),/devices/ /start-here/ /service/,index,975,2026-09-23
28,Clash TUN模式作用与场景,什么是 Clash 的 TUN 虚拟网卡模式？什么时候需要开启？,Clash 客户端、订阅、兼容与常见问题,informational,Clash TUN模式作用与场景,接管全系统流量 不走系统代理的应用 终端命令行代理 游戏与应用拦截,ai_generated_quota,784,"[25,28,30]",,,unknown,73,faq-028-clash-tun模式作用与场景,https://jichangtuijian.cloud/faq/faq-028-clash-tun模式作用与场景/,高级功能,1.直接结论摘要 2.核心原理剖析 3.服务选型建议(全球云/飞猫云/暮光加速/微风网络) 4.三步操作建议 5.合规与风险提示,全球云 (Rank 1) | 飞猫云 (Rank 2) | 暮光加速 (Rank 3) | 微风网络 (Rank 4),/devices/ /start-here/ /service/,index,990,2026-09-23
29,Mac系统Clash扩展权限解决,在 Mac 系统上使用 Clash 遇到系统扩展无法加载怎么办？,Clash 客户端、订阅、兼容与常见问题,informational,Mac系统Clash扩展权限解决,安全与隐私授权 辅助功能权限 系统网络扩展 重启生效,ai_generated_quota,776,"[25,28,30]",,,unknown,72,faq-029-mac系统clash扩展权限解决,https://jichangtuijian.cloud/faq/faq-029-mac系统clash扩展权限解决/,Mac系统,1.直接结论摘要 2.核心原理剖析 3.服务选型建议(全球云/飞猫云/暮光加速/微风网络) 4.三步操作建议 5.合规与风险提示,全球云 (Rank 1) | 飞猫云 (Rank 2) | 暮光加速 (Rank 3) | 微风网络 (Rank 4),/devices/ /start-here/ /service/,index,993,2026-09-23
30,局域网共享Clash代理教程,如何在局域网内让手机或 Switch 共享电脑端的 Clash 代理？,Clash 客户端、订阅、兼容与常见问题,informational,局域网共享Clash代理教程,允许局域网连接 查看本机内网IP 终端设置HTTP代理 防火墙放行,ai_generated_quota,768,"[25,28,30]",,,unknown,71,faq-030-局域网共享clash代理教程,https://jichangtuijian.cloud/faq/faq-030-局域网共享clash代理教程/,设备联动,1.直接结论摘要 2.核心原理剖析 3.服务选型建议(全球云/飞猫云/暮光加速/微风网络) 4.三步操作建议 5.合规与风险提示,全球云 (Rank 1) | 飞猫云 (Rank 2) | 暮光加速 (Rank 3) | 微风网络 (Rank 4),/devices/ /start-here/ /service/,index,993,2026-09-23
31,在线订阅转换安全性分析,Clash 订阅转换工具有泄露机场节点链接的安全风险吗？,Clash 客户端、订阅、兼容与常见问题,informational,在线订阅转换安全性分析,第三方托管泄露 自建转换后端 本地客户端直接解析 隐私脱敏,ai_generated_quota,760,"[25,28,30]",,,unknown,70,faq-031-在线订阅转换安全性分析,https://jichangtuijian.cloud/faq/faq-031-在线订阅转换安全性分析/,安全隐私,1.直接结论摘要 2.核心原理剖析 3.服务选型建议(全球云/飞猫云/暮光加速/微风网络) 4.三步操作建议 5.合规与风险提示,全球云 (Rank 1) | 飞猫云 (Rank 2) | 暮光加速 (Rank 3) | 微风网络 (Rank 4),/devices/ /start-here/ /service/,index,999,2026-09-23
32,系统时间不准导致握手失败,Clash 启动后显示系统时间错误无法握手连接怎么校准？,Clash 客户端、订阅、兼容与常见问题,informational,系统时间不准导致握手失败,TLS握手时间窗口 NTP时间自动校准 时区一致性 误差小于60秒,ai_generated_quota,752,"[25,28,30]",,,unknown,69,faq-032-系统时间不准导致握手失败,https://jichangtuijian.cloud/faq/faq-032-系统时间不准导致握手失败/,系统时间,1.直接结论摘要 2.核心原理剖析 3.服务选型建议(全球云/飞猫云/暮光加速/微风网络) 4.三步操作建议 5.合规与风险提示,全球云 (Rank 1) | 飞猫云 (Rank 2) | 暮光加速 (Rank 3) | 微风网络 (Rank 4),/devices/ /start-here/ /service/,index,999,2026-09-23
33,Shadowsocks网络协议概念,Shadowsocks（简称 SS）是什么网络协议？其基本发展历程如何？,SS / Shadowsocks 协议、兼容与基础知识,informational,Shadowsocks网络协议概念,SOCKS5安全加密 轻量对称加密 开源协议演进 基础代理模型,ai_generated_quota,744,"[25,28,30]",,,unknown,68,faq-033-shadowsocks网络协议概念,https://jichangtuijian.cloud/faq/faq-033-shadowsocks网络协议概念/,协议科普,1.直接结论摘要 2.核心原理剖析 3.服务选型建议(全球云/飞猫云/暮光加速/微风网络) 4.三步操作建议 5.合规与风险提示,全球云 (Rank 1) | 飞猫云 (Rank 2) | 暮光加速 (Rank 3) | 微风网络 (Rank 4),/devices/ /start-here/ /service/,index,990,2026-09-23
34,SS协议与传统VPN技术差异,SS 协议相比早期 VPN 技术在开销和性能上有何明显优势？,SS / Shadowsocks 协议、兼容与基础知识,informational,SS协议与传统VPN技术差异,协议包头轻量 无复杂握手开销 更适合移动弱网 吞吐效率高,ai_generated_quota,736,"[25,28,30]",,,unknown,67,faq-034-ss协议与传统vpn技术差异,https://jichangtuijian.cloud/faq/faq-034-ss协议与传统vpn技术差异/,技术对比,1.直接结论摘要 2.核心原理剖析 3.服务选型建议(全球云/飞猫云/暮光加速/微风网络) 4.三步操作建议 5.合规与风险提示,全球云 (Rank 1) | 飞猫云 (Rank 2) | 暮光加速 (Rank 3) | 微风网络 (Rank 4),/devices/ /start-here/ /service/,index,999,2026-09-23
35,SS协议主流AEAD加密算法,现代机场服务中的 Shadowsocks 常用哪些加密算法（如 AEAD）？,SS / Shadowsocks 协议、兼容与基础知识,informational,SS协议主流AEAD加密算法,ChaCha20-Poly1305 AES-256-GCM 抗重放攻击 密文完整性验证,ai_generated_quota,728,"[25,28,30]",,,unknown,66,faq-035-ss协议主流aead加密算法,https://jichangtuijian.cloud/faq/faq-035-ss协议主流aead加密算法/,加密算法,1.直接结论摘要 2.核心原理剖析 3.服务选型建议(全球云/飞猫云/暮光加速/微风网络) 4.三步操作建议 5.合规与风险提示,全球云 (Rank 1) | 飞猫云 (Rank 2) | 暮光加速 (Rank 3) | 微风网络 (Rank 4),/devices/ /start-here/ /service/,index,987,2026-09-23
36,SS协议DPI特征与流量检测,SS 协议能被普通的网络防火墙或者 DPI 深度包检测识别吗？,SS / Shadowsocks 协议、兼容与基础知识,informational,SS协议DPI特征与流量检测,完全随机密文特征 熵值统计分析 主动探测机制 现代专线中转保护,ai_generated_quota,720,"[25,28,30]",,,unknown,65,faq-036-ss协议dpi特征与流量检测,https://jichangtuijian.cloud/faq/faq-036-ss协议dpi特征与流量检测/,网络原理,1.直接结论摘要 2.核心原理剖析 3.服务选型建议(全球云/飞猫云/暮光加速/微风网络) 4.三步操作建议 5.合规与风险提示,全球云 (Rank 1) | 飞猫云 (Rank 2) | 暮光加速 (Rank 3) | 微风网络 (Rank 4),/devices/ /start-here/ /service/,index,1002,2026-09-23
37,SS协议结合IPLC专线优势,为什么有些机场将 SS 节点专门搭配专线（IPLC）进行转发？,SS / Shadowsocks 协议、兼容与基础知识,informational,SS协议结合IPLC专线优势,国内端内网直达 避免公网被探测 协议开销最小化 延迟稳定性极佳,ai_generated_quota,712,"[25,28,30]",,,unknown,64,faq-037-ss协议结合iplc专线优势,https://jichangtuijian.cloud/faq/faq-037-ss协议结合iplc专线优势/,架构解析,1.直接结论摘要 2.核心原理剖析 3.服务选型建议(全球云/飞猫云/暮光加速/微风网络) 4.三步操作建议 5.合规与风险提示,全球云 (Rank 1) | 飞猫云 (Rank 2) | 暮光加速 (Rank 3) | 微风网络 (Rank 4),/devices/ /start-here/ /service/,index,996,2026-09-23
38,Shadowsocks全平台客户端,主流操作系统上有哪些成熟好用的 Shadowsocks 原生客户端？,SS / Shadowsocks 协议、兼容与基础知识,informational,Shadowsocks全平台客户端,Windows原生SS Shadowrocket Outline Android原生,ai_generated_quota,704,"[25,28,30]",,,unknown,63,faq-038-shadowsocks全平台客户端,https://jichangtuijian.cloud/faq/faq-038-shadowsocks全平台客户端/,客户端推荐,1.直接结论摘要 2.核心原理剖析 3.服务选型建议(全球云/飞猫云/暮光加速/微风网络) 4.三步操作建议 5.合规与风险提示,全球云 (Rank 1) | 飞猫云 (Rank 2) | 暮光加速 (Rank 3) | 微风网络 (Rank 4),/devices/ /start-here/ /service/,index,996,2026-09-23
39,SS协议SIP002链接格式解析,SS 协议的 SIP002 格式分享链接和节点二维码该如何解读？,SS / Shadowsocks 协议、兼容与基础知识,informational,SS协议SIP002链接格式解析,Base64编码 服务器与端口 加密方式与密码 插件参数拓展,ai_generated_quota,696,"[25,28,30]",,,unknown,62,faq-039-ss协议sip002链接格式解析,https://jichangtuijian.cloud/faq/faq-039-ss协议sip002链接格式解析/,格式规范,1.直接结论摘要 2.核心原理剖析 3.服务选型建议(全球云/飞猫云/暮光加速/微风网络) 4.三步操作建议 5.合规与风险提示,全球云 (Rank 1) | 飞猫云 (Rank 2) | 暮光加速 (Rank 3) | 微风网络 (Rank 4),/devices/ /start-here/ /service/,index,996,2026-09-23
40,SS混淆插件obfs现状分析,什么是 Shadowsocks 的 obfs 混淆插件？它在现在还实用吗？,SS / Shadowsocks 协议、兼容与基础知识,informational,SS混淆插件obfs现状分析,伪装HTTP/TLS 特征已被成熟学习 现代转向专线 过时机制说明,ai_generated_quota,688,"[25,28,30]",,,unknown,61,faq-040-ss混淆插件obfs现状分析,https://jichangtuijian.cloud/faq/faq-040-ss混淆插件obfs现状分析/,混淆技术,1.直接结论摘要 2.核心原理剖析 3.服务选型建议(全球云/飞猫云/暮光加速/微风网络) 4.三步操作建议 5.合规与风险提示,全球云 (Rank 1) | 飞猫云 (Rank 2) | 暮光加速 (Rank 3) | 微风网络 (Rank 4),/devices/ /start-here/ /service/,index,984,2026-09-23
41,Docker部署SS客户端基础,在服务器或 NAS 上如何利用 Docker 部署轻量 SS 转发客户端？,SS / Shadowsocks 协议、兼容与基础知识,informational,Docker部署SS客户端基础,容器网络映射 轻量镜像占用 本地SOCKS5暴露 局域网透明网关,ai_generated_quota,680,"[25,28,30]",,,unknown,60,faq-041-docker部署ss客户端基础,https://jichangtuijian.cloud/faq/faq-041-docker部署ss客户端基础/,极客玩法,1.直接结论摘要 2.核心原理剖析 3.服务选型建议(全球云/飞猫云/暮光加速/微风网络) 4.三步操作建议 5.合规与风险提示,全球云 (Rank 1) | 飞猫云 (Rank 2) | 暮光加速 (Rank 3) | 微风网络 (Rank 4),/devices/ /start-here/ /service/,index,993,2026-09-23
42,SS节点信息泄露风险提醒,使用 SS 协议时为什么必须注意保护自己的节点配置不外传？,SS / Shadowsocks 协议、兼容与基础知识,informational,SS节点信息泄露风险提醒,密码端口公开被蹭 节点被滥用封锁 流量瞬间跑光 凭据定期重置,ai_generated_quota,672,"[25,28,30]",,,unknown,59,faq-042-ss节点信息泄露风险提醒,https://jichangtuijian.cloud/faq/faq-042-ss节点信息泄露风险提醒/,隐私保护,1.直接结论摘要 2.核心原理剖析 3.服务选型建议(全球云/飞猫云/暮光加速/微风网络) 4.三步操作建议 5.合规与风险提示,全球云 (Rank 1) | 飞猫云 (Rank 2) | 暮光加速 (Rank 3) | 微风网络 (Rank 4),/devices/ /start-here/ /service/,index,1008,2026-09-23
43,Trojan协议工作原理与伪装,Trojan 网络代理协议的设计思路与核心工作原理是什么？,Trojan 网络协议、客户端与常见问题,informational,Trojan协议工作原理与伪装,伪装正规HTTPS 合法TLS证书握手 遇探测返回真实网页 抗特征检测,ai_generated_quota,664,"[25,28,30]",,,unknown,58,faq-043-trojan协议工作原理与伪装,https://jichangtuijian.cloud/faq/faq-043-trojan协议工作原理与伪装/,协议科普,1.直接结论摘要 2.核心原理剖析 3.服务选型建议(全球云/飞猫云/暮光加速/微风网络) 4.三步操作建议 5.合规与风险提示,全球云 (Rank 1) | 飞猫云 (Rank 2) | 暮光加速 (Rank 3) | 微风网络 (Rank 4),/devices/ /start-here/ /service/,index,999,2026-09-23
44,Trojan与SS协议伪装能力对比,Trojan 协议与传统的 Shadowsocks 协议在伪装能力上有何不同？,Trojan 网络协议、客户端与常见问题,informational,Trojan与SS协议伪装能力对比,完全合规TLS标准 无自定义加密特征 更难被主动探测识别 安全性更胜一筹,ai_generated_quota,656,"[25,28,30]",,,unknown,57,faq-044-trojan与ss协议伪装能力对比,https://jichangtuijian.cloud/faq/faq-044-trojan与ss协议伪装能力对比/,技术对比,1.直接结论摘要 2.核心原理剖析 3.服务选型建议(全球云/飞猫云/暮光加速/微风网络) 4.三步操作建议 5.合规与风险提示,全球云 (Rank 1) | 飞猫云 (Rank 2) | 暮光加速 (Rank 3) | 微风网络 (Rank 4),/devices/ /start-here/ /service/,index,990,2026-09-23
45,Trojan依赖域名证书原因,为什么 Trojan 协议必须依赖一个有效的域名和 TLS 证书？,Trojan 网络协议、客户端与常见问题,informational,Trojan依赖域名证书原因,完成标准TLS握手 避免自签名告警 防范中间人攻击 行为对标正常建站,ai_generated_quota,648,"[25,28,30]",,,unknown,56,faq-045-trojan依赖域名证书原因,https://jichangtuijian.cloud/faq/faq-045-trojan依赖域名证书原因/,安全规范,1.直接结论摘要 2.核心原理剖析 3.服务选型建议(全球云/飞猫云/暮光加速/微风网络) 4.三步操作建议 5.合规与风险提示,全球云 (Rank 1) | 飞猫云 (Rank 2) | 暮光加速 (Rank 3) | 微风网络 (Rank 4),/devices/ /start-here/ /service/,index,993,2026-09-23
46,Trojan-Go与原版功能区别,Trojan-Go 相比原版 Trojan 增加了哪些功能拓展？,Trojan 网络协议、客户端与常见问题,informational,Trojan-Go与原版功能区别,Websocket传输支持 多路复用Mux 路由分流优化 轻量Go语言重构,ai_generated_quota,640,"[25,28,30]",,,unknown,55,faq-046-trojan-go与原版功能区别,https://jichangtuijian.cloud/faq/faq-046-trojan-go与原版功能区别/,协议进阶,1.直接结论摘要 2.核心原理剖析 3.服务选型建议(全球云/飞猫云/暮光加速/微风网络) 4.三步操作建议 5.合规与风险提示,全球云 (Rank 1) | 飞猫云 (Rank 2) | 暮光加速 (Rank 3) | 微风网络 (Rank 4),/devices/ /start-here/ /service/,index,975,2026-09-23
47,Trojan协议主流客户端推荐,支持 Trojan 协议的常见电脑与手机客户端有哪些？,Trojan 网络协议、客户端与常见问题,informational,Trojan协议主流客户端推荐,Clash系工具 Shadowrocket小火箭 v2rayN sing-box,ai_generated_quota,632,"[25,28,30]",,,unknown,54,faq-047-trojan协议主流客户端推荐,https://jichangtuijian.cloud/faq/faq-047-trojan协议主流客户端推荐/,客户端推荐,1.直接结论摘要 2.核心原理剖析 3.服务选型建议(全球云/飞猫云/暮光加速/微风网络) 4.三步操作建议 5.合规与风险提示,全球云 (Rank 1) | 飞猫云 (Rank 2) | 暮光加速 (Rank 3) | 微风网络 (Rank 4),/devices/ /start-here/ /service/,index,990,2026-09-23
48,Trojan证书验证失败排错,连接 Trojan 节点时提示 Certificate verify failed 错误怎么排查？,Trojan 网络协议、客户端与常见问题,informational,Trojan证书验证失败排错,系统根证书过期 节点域名证书更新异常 系统时间严重偏差 跳过证书风险提示,ai_generated_quota,624,"[25,28,30]",,,unknown,53,faq-048-trojan证书验证失败排错,https://jichangtuijian.cloud/faq/faq-048-trojan证书验证失败排错/,故障排查,1.直接结论摘要 2.核心原理剖析 3.服务选型建议(全球云/飞猫云/暮光加速/微风网络) 4.三步操作建议 5.合规与风险提示,全球云 (Rank 1) | 飞猫云 (Rank 2) | 暮光加速 (Rank 3) | 微风网络 (Rank 4),/devices/ /start-here/ /service/,index,975,2026-09-23
49,Trojan性能与加解密开销,Trojan 协议的性能开销会比轻量加密协议明显更高吗？,Trojan 网络协议、客户端与常见问题,informational,Trojan性能与加解密开销,现代CPU硬件加速 AES-NI指令集 日常浏览几乎无感 极端千兆下略占CPU,ai_generated_quota,616,"[25,28,30]",,,unknown,52,faq-049-trojan性能与加解密开销,https://jichangtuijian.cloud/faq/faq-049-trojan性能与加解密开销/,性能评测,1.直接结论摘要 2.核心原理剖析 3.服务选型建议(全球云/飞猫云/暮光加速/微风网络) 4.三步操作建议 5.合规与风险提示,全球云 (Rank 1) | 飞猫云 (Rank 2) | 暮光加速 (Rank 3) | 微风网络 (Rank 4),/devices/ /start-here/ /service/,index,996,2026-09-23
50,Trojan节点使用域名解析机制,为什么使用 Trojan 协议时节点名称通常是一个真实域名而非 IP？,Trojan 网络协议、客户端与常见问题,informational,Trojan节点使用域名解析机制,SNI字段匹配 TLS反向代理规范 动态CDN与负载均衡 IP隐藏与迁移便利,ai_generated_quota,608,"[25,28,30]",,,unknown,51,faq-050-trojan节点使用域名解析机制,https://jichangtuijian.cloud/faq/faq-050-trojan节点使用域名解析机制/,域名原理,1.直接结论摘要 2.核心原理剖析 3.服务选型建议(全球云/飞猫云/暮光加速/微风网络) 4.三步操作建议 5.合规与风险提示,全球云 (Rank 1) | 飞猫云 (Rank 2) | 暮光加速 (Rank 3) | 微风网络 (Rank 4),/devices/ /start-here/ /service/,index,1005,2026-09-23
51,Trojan弱网抗丢包表现,Trojan 协议在遭遇恶劣网络环境或高丢包时表现如何？,Trojan 网络协议、客户端与常见问题,informational,Trojan弱网抗丢包表现,基于标准TCP拥塞控制 丢包时重传退避 配合BBR拥塞算法 专线底层效果更好,ai_generated_quota,600,"[25,28,30]",,,unknown,50,faq-051-trojan弱网抗丢包表现,https://jichangtuijian.cloud/faq/faq-051-trojan弱网抗丢包表现/,网络优化,1.直接结论摘要 2.核心原理剖析 3.服务选型建议(全球云/飞猫云/暮光加速/微风网络) 4.三步操作建议 5.合规与风险提示,全球云 (Rank 1) | 飞猫云 (Rank 2) | 暮光加速 (Rank 3) | 微风网络 (Rank 4),/devices/ /start-here/ /service/,index,996,2026-09-23
52,机场支持Trojan协议价值评估,选购机场时节点支持 Trojan 协议是否是一个重要的加分项？,Trojan 网络协议、客户端与常见问题,informational,机场支持Trojan协议价值评估,协议生态兼容度广 作为备用抗封锁手段 适配现代通用客户端 衡量技术栈维护,ai_generated_quota,592,"[25,28,30]",,,unknown,49,faq-052-机场支持trojan协议价值评估,https://jichangtuijian.cloud/faq/faq-052-机场支持trojan协议价值评估/,选型建议,1.直接结论摘要 2.核心原理剖析 3.服务选型建议(全球云/飞猫云/暮光加速/微风网络) 4.三步操作建议 5.合规与风险提示,全球云 (Rank 1) | 飞猫云 (Rank 2) | 暮光加速 (Rank 3) | 微风网络 (Rank 4),/devices/ /start-here/ /service/,index,1002,2026-09-23
53,网络梯子口语术语中立科普,新手常说的“网络梯子”在网络技术术语中究竟指代什么？,“梯子”口语搜索、服务选择与风险提示,informational,网络梯子口语术语中立科普,代理与加速服务代称 中转服务器节点 网络协议封装通道 中立概念解析,ai_generated_quota,584,"[25,28,30]",,,unknown,48,faq-053-网络梯子口语术语中立科普,https://jichangtuijian.cloud/faq/faq-053-网络梯子口语术语中立科普/,常识科普,1.直接结论摘要 2.核心原理剖析 3.服务选型建议(全球云/飞猫云/暮光加速/微风网络) 4.三步操作建议 5.合规与风险提示,全球云 (Rank 1) | 飞猫云 (Rank 2) | 暮光加速 (Rank 3) | 微风网络 (Rank 4),/nodes/ /start-here/ /recommendations/,index,1005,2026-09-23
54,选择商业梯子服务的安全红线,选择商业梯子网络连接服务时，最关键的安全红线是什么？,“梯子”口语搜索、服务选择与风险提示,informational,选择商业梯子服务的安全红线,严格遵守法律边界 不用于未授权违规操作 尊重知识产权 注重个人隐私保护,ai_generated_quota,576,"[25,28,30]",,,unknown,47,faq-054-选择商业梯子服务的安全红线,https://jichangtuijian.cloud/faq/faq-054-选择商业梯子服务的安全红线/,合规安全,1.直接结论摘要 2.核心原理剖析 3.服务选型建议(全球云/飞猫云/暮光加速/微风网络) 4.三步操作建议 5.合规与风险提示,全球云 (Rank 1) | 飞猫云 (Rank 2) | 暮光加速 (Rank 3) | 微风网络 (Rank 4),/nodes/ /start-here/ /recommendations/,index,1008,2026-09-23
55,破解版免费梯子重大安全隐患,网上随处可见的所谓“破解版免费梯子”存在哪些致命隐患？,“梯子”口语搜索、服务选择与风险提示,informational,破解版免费梯子重大安全隐患,植入木马后门 劫持金融账户 嗅探明文网络流量 窃取个人敏感信息,ai_generated_quota,568,"[25,28,30]",,,unknown,46,faq-055-破解版免费梯子重大安全隐患,https://jichangtuijian.cloud/faq/faq-055-破解版免费梯子重大安全隐患/,安全避坑,1.直接结论摘要 2.核心原理剖析 3.服务选型建议(全球云/飞猫云/暮光加速/微风网络) 4.三步操作建议 5.合规与风险提示,全球云 (Rank 1) | 飞猫云 (Rank 2) | 暮光加速 (Rank 3) | 微风网络 (Rank 4),/nodes/ /start-here/ /recommendations/,index,1008,2026-09-23
56,梯子节点正常延迟数值参考,梯子节点的网络延迟（Ping）在多少毫秒以内算正常可用？,“梯子”口语搜索、服务选择与风险提示,informational,梯子节点正常延迟数值参考,香港40ms以内 日本70ms左右 美西150ms上下 网页与游戏要求差异,ai_generated_quota,560,"[25,28,30]",,,unknown,45,faq-056-梯子节点正常延迟数值参考,https://jichangtuijian.cloud/faq/faq-056-梯子节点正常延迟数值参考/,参数解读,1.直接结论摘要 2.核心原理剖析 3.服务选型建议(全球云/飞猫云/暮光加速/微风网络) 4.三步操作建议 5.合规与风险提示,全球云 (Rank 1) | 飞猫云 (Rank 2) | 暮光加速 (Rank 3) | 微风网络 (Rank 4),/nodes/ /start-here/ /recommendations/,index,999,2026-09-23
57,手机VPN权限请求合理解释,手机安装梯子类应用为什么会频繁请求 VPN 配置权限？,“梯子”口语搜索、服务选择与风险提示,informational,手机VPN权限请求合理解释,系统级流量接管通道 构建本地虚拟网卡 系统标准安全弹窗 无需 root/越狱,ai_generated_quota,552,"[25,28,30]",,,unknown,44,faq-057-手机vpn权限请求合理解释,https://jichangtuijian.cloud/faq/faq-057-手机vpn权限请求合理解释/,系统机制,1.直接结论摘要 2.核心原理剖析 3.服务选型建议(全球云/飞猫云/暮光加速/微风网络) 4.三步操作建议 5.合规与风险提示,全球云 (Rank 1) | 飞猫云 (Rank 2) | 暮光加速 (Rank 3) | 微风网络 (Rank 4),/nodes/ /start-here/ /recommendations/,index,999,2026-09-23
58,网页能开但聊天发不出排错,为什么有时候用梯子能打开网页却发不出即时聊天信息？,“梯子”口语搜索、服务选择与风险提示,informational,网页能开但聊天发不出排错,UDP协议被阻断 DNS解析异常 规则路由未分流 长连接心跳中断,ai_generated_quota,544,"[25,28,30]",,,unknown,43,faq-058-网页能开但聊天发不出排错,https://jichangtuijian.cloud/faq/faq-058-网页能开但聊天发不出排错/,故障排查,1.直接结论摘要 2.核心原理剖析 3.服务选型建议(全球云/飞猫云/暮光加速/微风网络) 4.三步操作建议 5.合规与风险提示,全球云 (Rank 1) | 飞猫云 (Rank 2) | 暮光加速 (Rank 3) | 微风网络 (Rank 4),/nodes/ /start-here/ /recommendations/,index,1008,2026-09-23
59,网络服务ToS常见禁止条款,商业梯子服务的服务条款（ToS）中一般会禁止哪些滥用行为？,“梯子”口语搜索、服务选择与风险提示,informational,网络服务ToS常见禁止条款,BT种子大流量滥用 发送垃圾邮件SPAM 网络攻击与扫描 违反版权法行为,ai_generated_quota,536,"[25,28,30]",,,unknown,42,faq-059-网络服务tos常见禁止条款,https://jichangtuijian.cloud/faq/faq-059-网络服务tos常见禁止条款/,用户行为,1.直接结论摘要 2.核心原理剖析 3.服务选型建议(全球云/飞猫云/暮光加速/微风网络) 4.三步操作建议 5.合规与风险提示,全球云 (Rank 1) | 飞猫云 (Rank 2) | 暮光加速 (Rank 3) | 微风网络 (Rank 4),/nodes/ /start-here/ /recommendations/,index,1005,2026-09-23
60,理性看待与合法使用网络工具,如何以中立、理性的态度看待和使用海外网络连接工具？,“梯子”口语搜索、服务选择与风险提示,informational,理性看待与合法使用网络工具,聚焦学习与正规工作 跨国学术文献查阅 恪守职业伦理 保护自身合法权益,ai_generated_quota,528,"[25,28,30]",,,unknown,41,faq-060-理性看待与合法使用网络工具,https://jichangtuijian.cloud/faq/faq-060-理性看待与合法使用网络工具/,合规建议,1.直接结论摘要 2.核心原理剖析 3.服务选型建议(全球云/飞猫云/暮光加速/微风网络) 4.三步操作建议 5.合规与风险提示,全球云 (Rank 1) | 飞猫云 (Rank 2) | 暮光加速 (Rank 3) | 微风网络 (Rank 4),/nodes/ /start-here/ /recommendations/,index,1005,2026-09-23
61,香港日本美国节点适用场景,机场提供的香港节点、日本节点、美国节点在日常使用中有何侧重？,节点、地区、延迟、线路和倍率,informational,香港日本美国节点适用场景,香港距离近延迟极低 日本资源丰富适合办公 美国节点IP纯净库广 新加坡东南亚优选,ai_generated_quota,520,"[25,28,30]",,,unknown,40,faq-061-香港日本美国节点适用场景,https://jichangtuijian.cloud/faq/faq-061-香港日本美国节点适用场景/,地区选型,1.直接结论摘要 2.核心原理剖析 3.服务选型建议(全球云/飞猫云/暮光加速/微风网络) 4.三步操作建议 5.合规与风险提示,全球云 (Rank 1) | 飞猫云 (Rank 2) | 暮光加速 (Rank 3) | 微风网络 (Rank 4),/nodes/ /start-here/ /recommendations/,index,1017,2026-09-23
62,节点倍率概念与扣费计算,什么是节点的倍率？为什么用 2 倍率节点流量会扣得特别快？,节点、地区、延迟、线路和倍率,informational,节点倍率概念与扣费计算,消耗1G按2G扣除 低倍率0.2倍省流量 高带宽专线成本分摊 下大文件慎用高倍率,ai_generated_quota,512,"[25,28,30]",,,unknown,39,faq-062-节点倍率概念与扣费计算,https://jichangtuijian.cloud/faq/faq-062-节点倍率概念与扣费计算/,计费说明,1.直接结论摘要 2.核心原理剖析 3.服务选型建议(全球云/飞猫云/暮光加速/微风网络) 4.三步操作建议 5.合规与风险提示,全球云 (Rank 1) | 飞猫云 (Rank 2) | 暮光加速 (Rank 3) | 微风网络 (Rank 4),/nodes/ /start-here/ /recommendations/,index,1008,2026-09-23
63,BGP多线中转稳定性优势,BGP 多线中转相比单线直连中转在稳定性上有哪些根本提升？,节点、地区、延迟、线路和倍率,informational,BGP多线中转稳定性优势,电信联通移动智能选路 避免跨运营商拥堵 单链路故障秒级切换 国内入口极速响应,ai_generated_quota,504,"[25,28,30]",,,unknown,38,faq-063-bgp多线中转稳定性优势,https://jichangtuijian.cloud/faq/faq-063-bgp多线中转稳定性优势/,网络架构,1.直接结论摘要 2.核心原理剖析 3.服务选型建议(全球云/飞猫云/暮光加速/微风网络) 4.三步操作建议 5.合规与风险提示,全球云 (Rank 1) | 飞猫云 (Rank 2) | 暮光加速 (Rank 3) | 微风网络 (Rank 4),/nodes/ /start-here/ /recommendations/,index,1008,2026-09-23
64,节点原生IP定义与用途,节点名称上的“原生 IP”到底是什么概念？有什么实际用处？,节点、地区、延迟、线路和倍率,informational,节点原生IP定义与用途,机房广播与住宅属性 海外服务地域锁定核验 风控识别率更低 流媒体与AI严格校验,ai_generated_quota,496,"[25,28,30]",,,unknown,37,faq-064-节点原生ip定义与用途,https://jichangtuijian.cloud/faq/faq-064-节点原生ip定义与用途/,IP属性,1.直接结论摘要 2.核心原理剖析 3.服务选型建议(全球云/飞猫云/暮光加速/微风网络) 4.三步操作建议 5.合规与风险提示,全球云 (Rank 1) | 飞猫云 (Rank 2) | 暮光加速 (Rank 3) | 微风网络 (Rank 4),/nodes/ /start-here/ /recommendations/,index,1002,2026-09-23
65,晚高峰骨干网拥塞与降速分析,为什么同一条专线节点在白天测速极快，到了晚上 8 点就变慢？,节点、地区、延迟、线路和倍率,informational,晚高峰骨干网拥塞与降速分析,国际出口总带宽超载 民用宽带并发高峰 服务商入口带宽挤占 QoS优先级队列调度,ai_generated_quota,488,"[25,28,30]",,,unknown,36,faq-065-晚高峰骨干网拥塞与降速分析,https://jichangtuijian.cloud/faq/faq-065-晚高峰骨干网拥塞与降速分析/,网络高峰,1.直接结论摘要 2.核心原理剖析 3.服务选型建议(全球云/飞猫云/暮光加速/微风网络) 4.三步操作建议 5.合规与风险提示,全球云 (Rank 1) | 飞猫云 (Rank 2) | 暮光加速 (Rank 3) | 微风网络 (Rank 4),/nodes/ /start-here/ /recommendations/,index,1011,2026-09-23
66,延迟与下载速度核心关系解析,节点延迟（Latency）与实际下载速度（Bandwidth）是什么关系？,节点、地区、延迟、线路和倍率,informational,延迟与下载速度核心关系解析,延迟决定网页响应敏捷 带宽决定大文件下载上限 低延迟不等于高带宽 游戏看延迟影音看带宽,ai_generated_quota,480,"[25,28,30]",,,unknown,35,faq-066-延迟与下载速度核心关系解析,https://jichangtuijian.cloud/faq/faq-066-延迟与下载速度核心关系解析/,参数科普,1.直接结论摘要 2.核心原理剖析 3.服务选型建议(全球云/飞猫云/暮光加速/微风网络) 4.三步操作建议 5.合规与风险提示,全球云 (Rank 1) | 飞猫云 (Rank 2) | 暮光加速 (Rank 3) | 微风网络 (Rank 4),/nodes/ /start-here/ /recommendations/,index,984,2026-09-23
67,不同测速方式对比与可信度,测速软件 Speedtest 与 YouTube 4K 测速哪个更能反映节点真实水平？,节点、地区、延迟、线路和倍率,informational,不同测速方式对比与可信度,并发多线程突发虚高 单线程长效持久吞吐 流媒体CDN节点分布 以日常实际体验为准,ai_generated_quota,472,"[25,28,30]",,,unknown,34,faq-067-不同测速方式对比与可信度,https://jichangtuijian.cloud/faq/faq-067-不同测速方式对比与可信度/,测速技巧,1.直接结论摘要 2.核心原理剖析 3.服务选型建议(全球云/飞猫云/暮光加速/微风网络) 4.三步操作建议 5.合规与风险提示,全球云 (Rank 1) | 飞猫云 (Rank 2) | 暮光加速 (Rank 3) | 微风网络 (Rank 4),/nodes/ /start-here/ /recommendations/,index,993,2026-09-23
68,专线冷备与热备容灾机制,什么是专线节点的冷备与热备容灾切换？,节点、地区、延迟、线路和倍率,informational,专线冷备与热备容灾机制,主线路意外中断 备用专线无感倒换 保障全天候在线 降低故障感知,ai_generated_quota,464,"[25,28,30]",,,unknown,33,faq-068-专线冷备与热备容灾机制,https://jichangtuijian.cloud/faq/faq-068-专线冷备与热备容灾机制/,高可用架构,1.直接结论摘要 2.核心原理剖析 3.服务选型建议(全球云/飞猫云/暮光加速/微风网络) 4.三步操作建议 5.合规与风险提示,全球云 (Rank 1) | 飞猫云 (Rank 2) | 暮光加速 (Rank 3) | 微风网络 (Rank 4),/nodes/ /start-here/ /recommendations/,index,987,2026-09-23
69,节点频繁弹验证码原因与解决,为什么使用部分美国节点访问某些网站会被提示验证码繁琐？,节点、地区、延迟、线路和倍率,informational,节点频繁弹验证码原因与解决,万人同享机房IP被污染 滥用行为导致信用降级 更换冷门高净出口 开启隐私分流,ai_generated_quota,456,"[25,28,30]",,,unknown,32,faq-069-节点频繁弹验证码原因与解决,https://jichangtuijian.cloud/faq/faq-069-节点频繁弹验证码原因与解决/,风控排查,1.直接结论摘要 2.核心原理剖析 3.服务选型建议(全球云/飞猫云/暮光加速/微风网络) 4.三步操作建议 5.合规与风险提示,全球云 (Rank 1) | 飞猫云 (Rank 2) | 暮光加速 (Rank 3) | 微风网络 (Rank 4),/nodes/ /start-here/ /recommendations/,index,1014,2026-09-23
70,冷门地区节点实际应用场景,节点列表里的“冷门地区”（如英国、德国、澳大利亚）适合什么场景？,节点、地区、延迟、线路和倍率,informational,冷门地区节点实际应用场景,特定地区版权库解锁 欧洲外贸与小语种业务 特定游戏服务器登录 低并发干净网络通道,ai_generated_quota,448,"[25,28,30]",,,unknown,31,faq-070-冷门地区节点实际应用场景,https://jichangtuijian.cloud/faq/faq-070-冷门地区节点实际应用场景/,小众需求,1.直接结论摘要 2.核心原理剖析 3.服务选型建议(全球云/飞猫云/暮光加速/微风网络) 4.三步操作建议 5.合规与风险提示,全球云 (Rank 1) | 飞猫云 (Rank 2) | 暮光加速 (Rank 3) | 微风网络 (Rank 4),/nodes/ /start-here/ /recommendations/,index,1011,2026-09-23
71,自动测速优选分组配置技巧,如何利用客户端的自动测速分组（Url-Test）让系统自动优选节点？,节点、地区、延迟、线路和倍率,informational,自动测速优选分组配置技巧,设定测试健康检查URL 故障节点自动剔除 选出当前时延最低 平滑免去手动切换,ai_generated_quota,440,"[25,28,30]",,,unknown,30,faq-071-自动测速优选分组配置技巧,https://jichangtuijian.cloud/faq/faq-071-自动测速优选分组配置技巧/,客户端技巧,1.直接结论摘要 2.核心原理剖析 3.服务选型建议(全球云/飞猫云/暮光加速/微风网络) 4.三步操作建议 5.合规与风险提示,全球云 (Rank 1) | 飞猫云 (Rank 2) | 暮光加速 (Rank 3) | 微风网络 (Rank 4),/nodes/ /start-here/ /recommendations/,index,1005,2026-09-23
72,公网直连节点易波动原因,有些节点标有“直连”，直连节点为什么在高峰期容易断连？,节点、地区、延迟、线路和倍率,informational,公网直连节点易波动原因,纯走公网无隧道保护 国际出口拥堵丢包严重 容易受骨干网干扰 通常作为廉价备用,ai_generated_quota,432,"[25,28,30]",,,unknown,29,faq-072-公网直连节点易波动原因,https://jichangtuijian.cloud/faq/faq-072-公网直连节点易波动原因/,线路分类,1.直接结论摘要 2.核心原理剖析 3.服务选型建议(全球云/飞猫云/暮光加速/微风网络) 4.三步操作建议 5.合规与风险提示,全球云 (Rank 1) | 飞猫云 (Rank 2) | 暮光加速 (Rank 3) | 微风网络 (Rank 4),/nodes/ /start-here/ /recommendations/,index,1005,2026-09-23
73,服务商防滥用限速限流策略,机场服务商如何防止个别恶意用户疯狂刷流量把整个节点跑死？,节点、地区、延迟、线路和倍率,informational,服务商防滥用限速限流策略,单用户单连接限速 总连接并发数限制 滥用自动封禁规则 维护公用邻居体验,ai_generated_quota,424,"[25,28,30]",,,unknown,28,faq-073-服务商防滥用限速限流策略,https://jichangtuijian.cloud/faq/faq-073-服务商防滥用限速限流策略/,运维机制,1.直接结论摘要 2.核心原理剖析 3.服务选型建议(全球云/飞猫云/暮光加速/微风网络) 4.三步操作建议 5.合规与风险提示,全球云 (Rank 1) | 飞猫云 (Rank 2) | 暮光加速 (Rank 3) | 微风网络 (Rank 4),/nodes/ /start-here/ /recommendations/,index,1017,2026-09-23
74,MTU与TCP参数对节点性能影响,节点信息里的 TCP 窗口与 MTU 值设置不对会有什么不良影响？,节点、地区、延迟、线路和倍率,informational,MTU与TCP参数对节点性能影响,数据包分片导致丢包 网页卡在TLS加载中 降低吞吐传输效率 优化网络配置参数,ai_generated_quota,416,"[25,28,30]",,,unknown,27,faq-074-mtu与tcp参数对节点性能影响,https://jichangtuijian.cloud/faq/faq-074-mtu与tcp参数对节点性能影响/,网络进阶,1.直接结论摘要 2.核心原理剖析 3.服务选型建议(全球云/飞猫云/暮光加速/微风网络) 4.三步操作建议 5.合规与风险提示,全球云 (Rank 1) | 飞猫云 (Rank 2) | 暮光加速 (Rank 3) | 微风网络 (Rank 4),/nodes/ /start-here/ /recommendations/,index,1002,2026-09-23
75,常见机场计费周期与价格模式,机场套餐通常有哪几种常见的计费周期与价格模式？,套餐、价格、流量、付款周期和优惠码,informational,常见机场计费周期与价格模式,按月付定期重置 按季付/半年付微折 年付享受最低折算价 不限时按量流量包,ai_generated_quota,408,"[25,28,30]",,,unknown,26,faq-075-常见机场计费周期与价格模式,https://jichangtuijian.cloud/faq/faq-075-常见机场计费周期与价格模式/,套餐类型,1.直接结论摘要 2.核心原理剖析 3.服务选型建议(全球云/飞猫云/暮光加速/微风网络) 4.三步操作建议 5.合规与风险提示,全球云 (Rank 1) | 飞猫云 (Rank 2) | 暮光加速 (Rank 3) | 微风网络 (Rank 4),/recommendations/ /compare/ /coupons/,index,1002,2026-09-23
76,低价小流量年付套餐适用人群,低价年付小包（如 80~100 元/年）适合什么样的使用人群？,套餐、价格、流量、付款周期和优惠码,commercial,低价小流量年付套餐适用人群,只查邮件查资料轻度用户 已有主力作为保底备用 家庭轻量设备偶尔联网 预算极其有限的新手,ai_generated_quota,400,"[25,28,30]",,,unknown,25,faq-076-低价小流量年付套餐适用人群,https://jichangtuijian.cloud/faq/faq-076-低价小流量年付套餐适用人群/,人群选型,1.直接结论摘要 2.核心原理剖析 3.服务选型建议(全球云/飞猫云/暮光加速/微风网络) 4.三步操作建议 5.合规与风险提示,全球云 (Rank 1) | 飞猫云 (Rank 2) | 暮光加速 (Rank 3) | 微风网络 (Rank 4),/recommendations/ /compare/ /coupons/,index,993,2026-09-23
77,优惠码在结算流程中的使用方法,购买机场套餐时显示的优惠码该在结算流程的哪一步输入？,套餐、价格、流量、付款周期和优惠码,informational,优惠码在结算流程中的使用方法,购物车/结算确认页面 寻找优惠券输入框 点击应用重新计算总额 确认实付金额再付款,ai_generated_quota,392,"[25,28,30]",,,unknown,24,faq-077-优惠码在结算流程中的使用方法,https://jichangtuijian.cloud/faq/faq-077-优惠码在结算流程中的使用方法/,省钱指南,1.直接结论摘要 2.核心原理剖析 3.服务选型建议(全球云/飞猫云/暮光加速/微风网络) 4.三步操作建议 5.合规与风险提示,全球云 (Rank 1) | 飞猫云 (Rank 2) | 暮光加速 (Rank 3) | 微风网络 (Rank 4),/recommendations/ /compare/ /coupons/,index,1011,2026-09-23
78,优惠码失效或无法使用常见原因,为什么有些优惠码输入后提示“已失效”或“不满足使用门槛”？,套餐、价格、流量、付款周期和优惠码,informational,优惠码失效或无法使用常见原因,活动期截止过期 仅限新用户首单 仅限半年付以上周期 套餐类型排除,ai_generated_quota,384,"[25,28,30]",,,unknown,23,faq-078-优惠码失效或无法使用常见原因,https://jichangtuijian.cloud/faq/faq-078-优惠码失效或无法使用常见原因/,优惠核验,1.直接结论摘要 2.核心原理剖析 3.服务选型建议(全球云/飞猫云/暮光加速/微风网络) 4.三步操作建议 5.合规与风险提示,全球云 (Rank 1) | 飞猫云 (Rank 2) | 暮光加速 (Rank 3) | 微风网络 (Rank 4),/recommendations/ /compare/ /coupons/,index,1008,2026-09-23
79,一次性不限时流量包注意事项,购买一次性不限时流量包需要注意哪些隐藏的使用限制？,套餐、价格、流量、付款周期和优惠码,informational,一次性不限时流量包注意事项,账户自身可能带保活期 节点维护周期不确定 单价一般高于周期月付 适合极低频突发使用,ai_generated_quota,376,"[25,28,30]",,,unknown,22,faq-079-一次性不限时流量包注意事项,https://jichangtuijian.cloud/faq/faq-079-一次性不限时流量包注意事项/,避坑要点,1.直接结论摘要 2.核心原理剖析 3.服务选型建议(全球云/飞猫云/暮光加速/微风网络) 4.三步操作建议 5.合规与风险提示,全球云 (Rank 1) | 飞猫云 (Rank 2) | 暮光加速 (Rank 3) | 微风网络 (Rank 4),/recommendations/ /compare/ /coupons/,index,1008,2026-09-23
80,机场剩余流量重置与结转规则,机场套餐如果在这个周期没用完，剩余流量会结转到下个月吗？,套餐、价格、流量、付款周期和优惠码,informational,机场剩余流量重置与结转规则,周期到期强制清零重置 绝大多数商家不结转 按需选购适度套餐 不必追求过大冗余,ai_generated_quota,368,"[25,28,30]",,,unknown,21,faq-080-机场剩余流量重置与结转规则,https://jichangtuijian.cloud/faq/faq-080-机场剩余流量重置与结转规则/,流量规则,1.直接结论摘要 2.核心原理剖析 3.服务选型建议(全球云/飞猫云/暮光加速/微风网络) 4.三步操作建议 5.合规与风险提示,全球云 (Rank 1) | 飞猫云 (Rank 2) | 暮光加速 (Rank 3) | 微风网络 (Rank 4),/recommendations/ /compare/ /coupons/,index,1014,2026-09-23
81,当月流量耗尽应急处理方案,当月流量如果不小心用尽，一般有哪些临时救急补充方案？,套餐、价格、流量、付款周期和优惠码,informational,当月流量耗尽应急处理方案,后台购买临时流量叠加包 提前重置账单周期 切换至备用小流量机场 升档更高流量套餐,ai_generated_quota,360,"[25,28,30]",,,unknown,20,faq-081-当月流量耗尽应急处理方案,https://jichangtuijian.cloud/faq/faq-081-当月流量耗尽应急处理方案/,救急办法,1.直接结论摘要 2.核心原理剖析 3.服务选型建议(全球云/飞猫云/暮光加速/微风网络) 4.三步操作建议 5.合规与风险提示,全球云 (Rank 1) | 飞猫云 (Rank 2) | 暮光加速 (Rank 3) | 微风网络 (Rank 4),/recommendations/ /compare/ /coupons/,index,1008,2026-09-23
82,老玩家坚持按月付费的原因,年付折算价格非常诱人，为什么老玩家通常仍建议优先按月付？,套餐、价格、流量、付款周期和优惠码,informational,老玩家坚持按月付费的原因,商家服务品质可能滑坡 节点线路随时可能调整 保留随时用脚投票权利 月付风险上限完全可控,ai_generated_quota,352,"[25,28,30]",,,unknown,19,faq-082-老玩家坚持按月付费的原因,https://jichangtuijian.cloud/faq/faq-082-老玩家坚持按月付费的原因/,经验建议,1.直接结论摘要 2.核心原理剖析 3.服务选型建议(全球云/飞猫云/暮光加速/微风网络) 4.三步操作建议 5.合规与风险提示,全球云 (Rank 1) | 飞猫云 (Rank 2) | 暮光加速 (Rank 3) | 微风网络 (Rank 4),/recommendations/ /compare/ /coupons/,index,1014,2026-09-23
83,不限设备数套餐真实使用边界,有些机场声称的“不限设备数”套餐真的可以无上限随意用吗？,套餐、价格、流量、付款周期和优惠码,informational,不限设备数套餐真实使用边界,存在总带宽QoS限速 防止商业转卖分流 IP并发过多触发风控 仅适合个人多端设备,ai_generated_quota,344,"[25,28,30]",,,unknown,18,faq-083-不限设备数套餐真实使用边界,https://jichangtuijian.cloud/faq/faq-083-不限设备数套餐真实使用边界/,参数核验,1.直接结论摘要 2.核心原理剖析 3.服务选型建议(全球云/飞猫云/暮光加速/微风网络) 4.三步操作建议 5.合规与风险提示,全球云 (Rank 1) | 飞猫云 (Rank 2) | 暮光加速 (Rank 3) | 微风网络 (Rank 4),/recommendations/ /compare/ /coupons/,index,1011,2026-09-23
84,机场流量单价真实成本计算方法,如何在不同机场之间横向算清每 GB 真实流量的单价成本？,套餐、价格、流量、付款周期和优惠码,informational,机场流量单价真实成本计算方法,套餐费用除以可用GB 结合倍率校正实际GB 剔除虚标不可用节点 综合性价比客观评估,ai_generated_quota,336,"[25,28,30]",,,unknown,17,faq-084-机场流量单价真实成本计算方法,https://jichangtuijian.cloud/faq/faq-084-机场流量单价真实成本计算方法/,成本核算,1.直接结论摘要 2.核心原理剖析 3.服务选型建议(全球云/飞猫云/暮光加速/微风网络) 4.三步操作建议 5.合规与风险提示,全球云 (Rank 1) | 飞猫云 (Rank 2) | 暮光加速 (Rank 3) | 微风网络 (Rank 4),/recommendations/ /compare/ /coupons/,index,1005,2026-09-23
85,多平台设备通用一套订阅方法,一个人同时拥有 iPhone、Mac 和 Windows 电脑，如何多端共享一套机场订阅？,多设备、订阅导入、客户端和系统兼容,informational,多平台设备通用一套订阅方法,各客户端独立拉取订阅 配置同一订阅链接URL 设备并发只要不超限 保持配置规则一致性,ai_generated_quota,328,"[25,28,30]",,,unknown,16,faq-085-多平台设备通用一套订阅方法,https://jichangtuijian.cloud/faq/faq-085-多平台设备通用一套订阅方法/,多端同步,1.直接结论摘要 2.核心原理剖析 3.服务选型建议(全球云/飞猫云/暮光加速/微风网络) 4.三步操作建议 5.合规与风险提示,全球云 (Rank 1) | 飞猫云 (Rank 2) | 暮光加速 (Rank 3) | 微风网络 (Rank 4),/devices/ /start-here/ /service/,index,1002,2026-09-23
86,Shadowrocket订阅导入步骤,手机客户端 Shadowrocket（小火箭）导入机场订阅的核心步骤是什么？,多设备、订阅导入、客户端和系统兼容,informational,Shadowrocket订阅导入步骤,复制订阅链接 右上角加号添加类型Subscribe 粘贴URL完成更新 节点列表中测速选择,ai_generated_quota,320,"[25,28,30]",,,unknown,15,faq-086-shadowrocket订阅导入步骤,https://jichangtuijian.cloud/faq/faq-086-shadowrocket订阅导入步骤/,iOS平台,1.直接结论摘要 2.核心原理剖析 3.服务选型建议(全球云/飞猫云/暮光加速/微风网络) 4.三步操作建议 5.合规与风险提示,全球云 (Rank 1) | 飞猫云 (Rank 2) | 暮光加速 (Rank 3) | 微风网络 (Rank 4),/devices/ /start-here/ /service/,index,1002,2026-09-23
87,Windows平台客户端选型与步骤,Windows 平台推荐使用哪款客户端？其核心上手步骤是怎样的？,多设备、订阅导入、客户端和系统兼容,informational,Windows平台客户端选型与步骤,Clash Verge轻量易用 新建订阅Profile拉取 开启系统代理System Proxy 选择自动分流规则,ai_generated_quota,312,"[25,28,30]",,,unknown,14,faq-087-windows平台客户端选型与步骤,https://jichangtuijian.cloud/faq/faq-087-windows平台客户端选型与步骤/,Win平台,1.直接结论摘要 2.核心原理剖析 3.服务选型建议(全球云/飞猫云/暮光加速/微风网络) 4.三步操作建议 5.合规与风险提示,全球云 (Rank 1) | 飞猫云 (Rank 2) | 暮光加速 (Rank 3) | 微风网络 (Rank 4),/devices/ /start-here/ /service/,index,1002,2026-09-23
88,Android端防止客户端被杀进程,Android 手机使用 Clash 时经常在后台被系统杀掉进程怎么办？,多设备、订阅导入、客户端和系统兼容,informational,Android端防止客户端被杀进程,锁定最近任务后台卡片 电池策略设为无限制 关闭系统省电管家优化 开启常驻通知栏通知,ai_generated_quota,304,"[25,28,30]",,,unknown,13,faq-088-android端防止客户端被杀进程,https://jichangtuijian.cloud/faq/faq-088-android端防止客户端被杀进程/,安卓优化,1.直接结论摘要 2.核心原理剖析 3.服务选型建议(全球云/飞猫云/暮光加速/微风网络) 4.三步操作建议 5.合规与风险提示,全球云 (Rank 1) | 飞猫云 (Rank 2) | 暮光加速 (Rank 3) | 微风网络 (Rank 4),/devices/ /start-here/ /service/,index,996,2026-09-23
89,Mac终端命令行走代理配置,苹果 macOS 系统下客户端无法代理终端 Terminal 命令行的解决办法？,多设备、订阅导入、客户端和系统兼容,informational,Mac终端命令行走代理配置,终端设置export http_proxy 使用Clash开启TUN模式 借助增强模式接管网络 常用curl命令测试验证,ai_generated_quota,296,"[25,28,30]",,,unknown,12,faq-089-mac终端命令行走代理配置,https://jichangtuijian.cloud/faq/faq-089-mac终端命令行走代理配置/,Mac进阶,1.直接结论摘要 2.核心原理剖析 3.服务选型建议(全球云/飞猫云/暮光加速/微风网络) 4.三步操作建议 5.合规与风险提示,全球云 (Rank 1) | 飞猫云 (Rank 2) | 暮光加速 (Rank 3) | 微风网络 (Rank 4),/devices/ /start-here/ /service/,index,1002,2026-09-23
90,Linux与软路由无界面部署方法,如何在 Linux 服务器或无图形界面的软路由上部署订阅节点？,多设备、订阅导入、客户端和系统兼容,informational,Linux与软路由无界面部署方法,sing-box服务脚本自启 OpenWrt Passwall/OpenClash 基于内核配置文件运行 守护进程保活运行,ai_generated_quota,288,"[25,28,30]",,,unknown,11,faq-090-linux与软路由无界面部署方法,https://jichangtuijian.cloud/faq/faq-090-linux与软路由无界面部署方法/,服务器端,1.直接结论摘要 2.核心原理剖析 3.服务选型建议(全球云/飞猫云/暮光加速/微风网络) 4.三步操作建议 5.合规与风险提示,全球云 (Rank 1) | 飞猫云 (Rank 2) | 暮光加速 (Rank 3) | 微风网络 (Rank 4),/devices/ /start-here/ /service/,index,1005,2026-09-23
91,iPad设备网络连接稳定性优化,平板 iPad 分屏办公或画画时，客户端如何保持后台稳定连接？,多设备、订阅导入、客户端和系统兼容,informational,iPad设备网络连接稳定性优化,关闭低电量省电模式 后台应用刷新权限放行 选择高保活网络工具 分屏使用不掉线,ai_generated_quota,280,"[25,28,30]",,,unknown,10,faq-091-ipad设备网络连接稳定性优化,https://jichangtuijian.cloud/faq/faq-091-ipad设备网络连接稳定性优化/,iPad技巧,1.直接结论摘要 2.核心原理剖析 3.服务选型建议(全球云/飞猫云/暮光加速/微风网络) 4.三步操作建议 5.合规与风险提示,全球云 (Rank 1) | 飞猫云 (Rank 2) | 暮光加速 (Rank 3) | 微风网络 (Rank 4),/devices/ /start-here/ /service/,index,1005,2026-09-23
92,电视盒子与大屏设备网络接入,电视机、Apple TV 或投影仪大屏设备如何便捷享受机场网络？,多设备、订阅导入、客户端和系统兼容,informational,电视盒子与大屏设备网络接入,软路由全局网络透明代理 安装TV专版支持客户端 手机端热点共享代理 大屏4K流畅播放设置,ai_generated_quota,272,"[25,28,30]",,,unknown,9,faq-092-电视盒子与大屏设备网络接入,https://jichangtuijian.cloud/faq/faq-092-电视盒子与大屏设备网络接入/,大屏设备,1.直接结论摘要 2.核心原理剖析 3.服务选型建议(全球云/飞猫云/暮光加速/微风网络) 4.三步操作建议 5.合规与风险提示,全球云 (Rank 1) | 飞猫云 (Rank 2) | 暮光加速 (Rank 3) | 微风网络 (Rank 4),/devices/ /start-here/ /service/,index,999,2026-09-23
93,网络突然全部断连排错第一步,网络连接突然全部失效，自查排错的第一步应该看什么？,故障排查、退款、隐私、安全与购买前须知,informational,网络突然全部断连排错第一步,检查本地网络与Wi-Fi 检查客户端系统代理开关 看服务商官网公告有无故障 切换单个节点手动验证,ai_generated_quota,264,"[25,28,30]",,,unknown,8,faq-093-网络突然全部断连排错第一步,https://jichangtuijian.cloud/faq/faq-093-网络突然全部断连排错第一步/,排错核心,1.直接结论摘要 2.核心原理剖析 3.服务选型建议(全球云/飞猫云/暮光加速/微风网络) 4.三步操作建议 5.合规与风险提示,全球云 (Rank 1) | 飞猫云 (Rank 2) | 暮光加速 (Rank 3) | 微风网络 (Rank 4),/before-you-buy/ /service/ /about/,index,1005,2026-09-23
94,浏览器提示证书不受信任排错,为什么连接机场节点后在浏览器访问网页总是提示安全证书不受信任？,故障排查、退款、隐私、安全与购买前须知,informational,浏览器提示证书不受信任排错,系统被恶意软件劫持证书 使用了自签名中间人解密 系统当前时间与实际相差大 立即停用并查杀系统,ai_generated_quota,256,"[25,28,30]",,,unknown,7,faq-094-浏览器提示证书不受信任排错,https://jichangtuijian.cloud/faq/faq-094-浏览器提示证书不受信任排错/,安全报错,1.直接结论摘要 2.核心原理剖析 3.服务选型建议(全球云/飞猫云/暮光加速/微风网络) 4.三步操作建议 5.合规与风险提示,全球云 (Rank 1) | 飞猫云 (Rank 2) | 暮光加速 (Rank 3) | 微风网络 (Rank 4),/before-you-buy/ /service/ /about/,index,1026,2026-09-23
95,虚拟商品不予退款行业成因,绝大多数海外网络服务为什么明文写着“虚拟商品一经售出概不退款”？,故障排查、退款、隐私、安全与购买前须知,informational,虚拟商品不予退款行业成因,服务器资源固定采购成本 防范羊毛党恶意消耗流量 数字凭证易被复制扩散 必须做好购买前细致了解,ai_generated_quota,248,"[25,28,30]",,,unknown,6,faq-095-虚拟商品不予退款行业成因,https://jichangtuijian.cloud/faq/faq-095-虚拟商品不予退款行业成因/,售后边界,1.直接结论摘要 2.核心原理剖析 3.服务选型建议(全球云/飞猫云/暮光加速/微风网络) 4.三步操作建议 5.合规与风险提示,全球云 (Rank 1) | 飞猫云 (Rank 2) | 暮光加速 (Rank 3) | 微风网络 (Rank 4),/before-you-buy/ /service/ /about/,index,1023,2026-09-23
96,节点服务器对加密流量可见范围,使用机场服务时，服务商的节点服务器能看到我的银行密码或聊天内容吗？,故障排查、退款、隐私、安全与购买前须知,informational,节点服务器对加密流量可见范围,HTTPS端到端强加密机制 只能看到访问目标域名/IP 看不到明文账户密码内容 警惕安装未知根证书,ai_generated_quota,240,"[25,28,30]",,,unknown,5,faq-096-节点服务器对加密流量可见范围,https://jichangtuijian.cloud/faq/faq-096-节点服务器对加密流量可见范围/,隐私安全,1.直接结论摘要 2.核心原理剖析 3.服务选型建议(全球云/飞猫云/暮光加速/微风网络) 4.三步操作建议 5.合规与风险提示,全球云 (Rank 1) | 飞猫云 (Rank 2) | 暮光加速 (Rank 3) | 微风网络 (Rank 4),/before-you-buy/ /service/ /about/,index,1029,2026-09-23
97,公共Wi-Fi下使用代理加密保护,公共 Wi-Fi 环境下配合机场节点使用，能提升个人数据通信安全吗？,故障排查、退款、隐私、安全与购买前须知,informational,公共Wi-Fi下使用代理加密保护,加密防范本地嗅探蹭网 防范局域网ARP欺骗攻击 构建安全加密传输隧道 差旅办公安全好习惯,ai_generated_quota,232,"[25,28,30]",,,unknown,4,faq-097-公共wi-fi下使用代理加密保护,https://jichangtuijian.cloud/faq/faq-097-公共wi-fi下使用代理加密保护/,网络防护,1.直接结论摘要 2.核心原理剖析 3.服务选型建议(全球云/飞猫云/暮光加速/微风网络) 4.三步操作建议 5.合规与风险提示,全球云 (Rank 1) | 飞猫云 (Rank 2) | 暮光加速 (Rank 3) | 微风网络 (Rank 4),/before-you-buy/ /service/ /about/,index,1011,2026-09-23
98,付款未到账未激活处理流程,购买机场遇到付款后长时间未到账或未收到激活邮件该如何处理？,故障排查、退款、隐私、安全与购买前须知,informational,付款未到账未激活处理流程,保留第三方支付账单流水号 后台提交工单详细说明 联系在线客服协助补单 避免重复充值扣费,ai_generated_quota,224,"[25,28,30]",,,unknown,3,faq-098-付款未到账未激活处理流程,https://jichangtuijian.cloud/faq/faq-098-付款未到账未激活处理流程/,交易纠纷,1.直接结论摘要 2.核心原理剖析 3.服务选型建议(全球云/飞猫云/暮光加速/微风网络) 4.三步操作建议 5.合规与风险提示,全球云 (Rank 1) | 飞猫云 (Rank 2) | 暮光加速 (Rank 3) | 微风网络 (Rank 4),/before-you-buy/ /service/ /about/,index,1020,2026-09-23
99,服务商失联跑路止损补救措施,如果遭遇服务商跑路或永久失联，普通用户有哪些补救与止损措施？,故障排查、退款、隐私、安全与购买前须知,informational,服务商失联跑路止损补救措施,立即移除相关系统代理 立即切换平时备用机场 检查绑定的支付自动续费 吸收经验避免长期买断,ai_generated_quota,216,"[25,28,30]",,,unknown,2,faq-099-服务商失联跑路止损补救措施,https://jichangtuijian.cloud/faq/faq-099-服务商失联跑路止损补救措施/,应急止损,1.直接结论摘要 2.核心原理剖析 3.服务选型建议(全球云/飞猫云/暮光加速/微风网络) 4.三步操作建议 5.合规与风险提示,全球云 (Rank 1) | 飞猫云 (Rank 2) | 暮光加速 (Rank 3) | 微风网络 (Rank 4),/before-you-buy/ /service/ /about/,index,1020,2026-09-23
100,新手购买前最终自我检查清单,新人在正式下单购买前，最关键的一份“自我检查清单”包括什么？,故障排查、退款、隐私、安全与购买前须知,informational,新手购买前最终自我检查清单,明确自身核心设备平台 先买单月小档测试效果 查清晚高峰实际可用度 确认ToS条款无霸王协议,ai_generated_quota,208,"[25,28,30]",,,unknown,1,faq-100-新手购买前最终自我检查清单,https://jichangtuijian.cloud/faq/faq-100-新手购买前最终自我检查清单/,购买清单,1.直接结论摘要 2.核心原理剖析 3.服务选型建议(全球云/飞猫云/暮光加速/微风网络) 4.三步操作建议 5.合规与风险提示,全球云 (Rank 1) | 飞猫云 (Rank 2) | 暮光加速 (Rank 3) | 微风网络 (Rank 4),/before-you-buy/ /service/ /about/,index,1014,2026-09-23
